<?xml version="1.0" encoding="UTF-8"?>
<project-private xmlns="http://www.netbeans.org/ns/project-private/1">
    <editor-bookmarks xmlns="http://www.netbeans.org/ns/editor-bookmarks/2" lastBookmarkId="0"/>
    <open-files xmlns="http://www.netbeans.org/ns/projectui-open-files/2">
        <group>
            <file>file:/C:/Study%20materials/Second%20Semester/Virtual_Chat_Room/src/virtual_chat_room/Threads.java</file>
            <file>file:/C:/Study%20materials/Second%20Semester/Virtual_Chat_Room/src/virtual_chat_room/BackEnd.java</file>
            <file>file:/C:/Study%20materials/Second%20Semester/Virtual_Chat_Room/src/virtual_chat_room/UI_ChatPage.java</file>
            <file>file:/C:/Study%20materials/Second%20Semester/Virtual_Chat_Room/src/virtual_chat_room/Virtual_Chat_Room.java</file>
            <file>file:/C:/Study%20materials/Second%20Semester/Virtual_Chat_Room/src/virtual_chat_room/UI_FrontPage.java</file>
        </group>
    </open-files>
</project-private>
