bestAnswer,score
0,1.237027E-1
0,2.154765E-2
0,3.132892E-2
0,2.886257E-3
0,3.162265E-3
0,8.12002E-2
0,4.301166E-1
0,2.832285E-3
0,2.990479E-3
0,5.909126E-3
0,6.271578E-2
0,1.29417E-2
0,3.232939E-3
0,1.073193E-2
0,5.110016E-1
0,3.780675E-1
0,3.652616E-2
0,2.067683E-3
0,2.442393E-3
0,3.525163E-1
0,2.935186E-2
1,8.301164E-1
0,4.899325E-1
0,1.21906E-2
0,3.861574E-2
0,1.022038E-1
0,5.184954E-2
0,3.305466E-3
0,4.065961E-3
0,8.170052E-3
0,2.069603E-1
0,6.085702E-2
0,3.034572E-1
0,2.373304E-2
0,3.550147E-3
0,7.141713E-2
0,1.984968E-3
0,8.058683E-2
0,4.825824E-3
0,1.115579E-1
0,4.731737E-3
0,5.045092E-2
0,1.825984E-1
0,2.307433E-2
0,6.261367E-2
0,1.258383E-1
0,1.026664E-2
0,8.229807E-3
0,4.148464E-2
0,1.481736E-2
0,3.231454E-1
0,5.89279E-2
0,2.54242E-2
0,3.17643E-1
0,2.762059E-2
0,3.84097E-3
0,3.999502E-3
0,9.283557E-3
0,1.49628E-2
0,5.543145E-1
0,2.48632E-1
0,2.361842E-2
1,9.085606E-1
0,7.154036E-2
0,8.60787E-3
0,1.151016E-1
0,6.374704E-2
0,3.538215E-2
0,6.266462E-1
0,7.166258E-2
0,6.451117E-2
0,2.521613E-1
0,1.089677E-2
0,1.305841E-2
0,4.703012E-1
0,8.885388E-3
0,5.197451E-2
0,4.549289E-2
0,3.136529E-3
0,3.746926E-2
0,7.512045E-1
0,1.561719E-2
0,4.190422E-3
1,7.923334E-1
0,5.347883E-2
0,8.452299E-3
0,6.659886E-3
0,2.23202E-1
0,9.697457E-2
0,2.254392E-3
0,3.9156E-2
0,1.080577E-2
0,3.984533E-2
0,1.862369E-2
0,7.535894E-3
0,3.08682E-2
0,1.696734E-2
0,9.833523E-3
0,8.432042E-2
0,9.519672E-3
0,8.263309E-3
0,5.403953E-3
0,1.565155E-1
0,5.022572E-2
0,3.210949E-1
0,6.257763E-2
0,2.231722E-2
0,6.103053E-2
0,4.237055E-2
0,1.174125E-1
0,1.532812E-1
0,2.761223E-2
0,7.38886E-2
0,3.93112E-3
0,7.086034E-3
0,4.825768E-1
0,2.096556E-2
0,9.749329E-3
0,1.030607E-2
0,2.292233E-2
0,8.653649E-2
0,7.500333E-2
0,3.457464E-3
0,2.642885E-2
0,2.970049E-3
0,2.243255E-3
0,1.353214E-2
0,7.522018E-3
0,2.296594E-2
0,3.077081E-1
0,3.10362E-2
0,6.637487E-2
0,2.320489E-1
0,2.868147E-2
0,3.608121E-1
1,9.467441E-1
0,9.390395E-3
0,9.618048E-2
0,4.641957E-2
0,3.383614E-1
0,3.789549E-1
0,3.960965E-2
0,4.110749E-2
0,2.102723E-1
0,4.580252E-3
0,4.430063E-2
0,4.24595E-3
0,7.403933E-3
0,3.873998E-1
0,4.548622E-2
0,6.182644E-1
0,5.750714E-3
0,3.756433E-2
1,9.025228E-1
0,2.152962E-2
0,1.335326E-2
0,1.413258E-2
0,7.000366E-3
0,6.238642E-3
0,5.496371E-2
0,3.720048E-1
0,7.301011E-2
0,4.834575E-1
0,1.376133E-2
0,2.011461E-2
1,9.792796E-1
0,1.349537E-1
0,3.643111E-1
0,1.379517E-2
0,8.196364E-3
0,4.332919E-1
0,4.765136E-3
0,1.237E-2
0,3.211986E-1
0,6.664308E-3
0,2.810072E-2
0,2.266404E-1
0,1.762327E-2
0,6.764233E-1
0,4.076914E-1
0,3.229804E-1
0,1.122908E-2
0,4.346093E-3
0,2.229781E-3
0,1.021781E-1
0,1.396896E-2
0,6.300097E-3
0,2.209989E-1
0,8.176795E-3
0,9.92615E-2
0,4.328099E-3
0,1.940602E-3
0,5.557338E-2
0,1.475121E-2
0,1.85135E-2
0,1.968798E-3
0,3.357951E-1
0,3.805357E-3
0,3.778894E-2
0,1.90685E-2
0,3.124856E-1
0,3.242048E-2
0,4.237358E-1
0,2.381863E-3
0,4.403397E-1
0,6.732214E-3
0,3.840889E-3
0,4.314133E-2
0,1.392999E-2
0,1.925752E-3
0,2.925478E-2
0,7.443529E-3
0,3.997573E-1
0,2.865509E-3
0,7.4581E-3
0,6.197186E-3
0,1.696255E-1
0,5.637554E-3
0,1.934212E-3
0,6.079725E-3
0,2.271165E-2
0,1.288633E-2
0,8.016685E-3
0,1.081371E-2
0,4.891613E-3
0,3.471106E-2
0,2.214787E-1
0,6.476612E-3
1,8.698769E-1
0,2.390574E-3
0,2.200003E-3
0,1.045707E-2
0,3.520147E-2
0,4.719208E-1
0,9.499355E-3
0,2.956707E-2
0,1.38637E-1
0,2.418406E-3
1,8.122643E-1
0,1.900449E-2
0,3.101296E-3
0,1.214303E-2
0,1.352081E-2
0,4.844086E-2
0,2.133041E-2
0,2.961978E-2
0,2.903907E-2
0,1.392625E-1
0,1.22629E-2
0,1.842622E-2
0,5.113506E-3
0,4.776025E-1
0,5.636826E-3
0,4.216359E-3
0,3.654888E-3
0,8.117404E-3
0,1.975183E-3
0,3.238009E-2
0,4.40925E-1
0,3.512413E-1
0,7.238865E-3
0,3.060458E-2
1,9.715517E-1
0,3.529738E-1
0,1.400891E-2
0,3.550037E-3
0,7.69092E-2
0,8.886418E-2
0,1.838616E-3
0,3.369455E-3
0,1.782306E-2
0,2.375537E-2
0,3.484903E-1
0,1.44411E-2
0,9.365779E-3
0,1.894814E-2
0,2.286118E-2
0,8.429917E-2
0,1.617633E-1
0,5.250055E-3
0,6.575763E-3
0,2.429201E-2
0,2.42257E-1
0,6.023334E-3
0,3.503774E-2
0,5.887719E-3
0,2.426569E-3
0,5.890055E-2
1,9.12984E-1
0,1.540054E-2
0,7.321668E-3
0,6.314682E-1
1,9.922306E-1
0,3.854713E-3
0,1.827631E-2
0,1.805752E-1
0,2.550192E-2
0,4.804716E-2
0,1.521395E-2
0,2.208614E-1
0,1.911408E-2
0,2.862183E-3
0,1.282743E-1
0,2.809799E-3
0,1.986525E-3
0,6.504901E-3
0,3.663614E-2
0,2.786996E-2
0,3.665462E-1
0,7.296527E-2
0,2.623647E-2
0,1.514607E-2
0,2.764635E-3
0,2.065005E-2
0,1.095179E-2
0,5.435039E-1
0,3.976443E-3
0,1.134904E-2
0,6.491037E-2
0,1.913601E-3
0,2.135963E-1
0,5.787395E-3
0,4.429273E-3
0,4.164509E-3
0,1.86721E-2
0,3.381908E-3
0,1.514718E-2
0,1.740025E-3
0,2.023815E-2
0,1.452483E-2
0,4.904122E-3
0,2.162326E-2
0,6.189504E-3
0,2.70732E-1
0,1.543794E-2
0,2.860685E-3
0,6.835369E-3
0,3.629717E-2
0,5.064537E-1
0,2.280227E-2
0,7.599941E-1
0,2.859135E-2
0,2.059872E-2
0,1.881607E-2
0,2.991769E-3
1,7.796322E-1
0,2.42356E-3
0,3.430675E-3
0,1.273216E-2
0,3.329383E-3
0,9.051442E-3
0,7.748256E-3
0,1.022941E-2
0,1.528281E-3
0,2.526215E-3
0,4.433796E-3
0,1.865582E-2
0,1.992525E-2
0,1.189513E-2
0,3.613722E-3
0,9.793778E-3
0,3.098566E-3
0,3.881178E-3
0,1.128253E-2
0,3.827258E-2
0,3.336774E-2
0,8.094543E-2
0,1.242683E-2
0,5.54865E-2
0,9.212343E-3
0,5.482637E-3
0,5.265829E-2
0,7.830804E-3
0,2.102531E-3
0,9.74634E-3
0,1.705728E-2
0,1.762964E-3
0,7.188539E-2
0,1.505436E-1
0,1.370534E-3
0,9.121007E-3
0,3.991962E-1
0,9.152356E-2
0,1.529011E-1
0,1.324602E-2
0,1.046797E-2
0,1.015725E-3
0,9.898864E-3
0,3.075083E-3
0,1.119919E-2
0,3.947685E-2
0,7.551866E-1
0,9.303699E-3
0,3.576973E-3
0,4.975518E-3
0,1.631221E-2
0,9.818042E-3
0,2.424544E-2
0,2.627758E-2
0,2.876207E-2
0,1.057082E-1
0,8.524254E-4
0,4.677925E-1
0,4.571281E-2
0,3.539693E-1
0,3.979723E-1
0,1.379044E-2
0,6.04806E-3
0,1.02535E-2
0,2.997449E-2
0,6.004942E-3
0,1.005469E-2
0,9.521429E-3
0,5.676157E-3
0,8.342462E-2
0,1.03911E-2
0,3.8799E-3
0,2.614232E-2
0,1.678097E-2
0,5.634489E-3
0,6.787218E-1
0,1.139387E-2
0,6.543115E-3
0,6.189117E-2
0,2.239623E-2
1,9.513209E-1
0,5.361988E-3
0,1.092721E-3
0,1.815099E-1
0,4.45149E-3
0,1.952419E-2
0,2.901544E-2
0,1.379956E-2
0,9.715512E-2
0,1.042663E-2
0,1.280991E-1
0,7.023077E-2
0,2.800336E-3
0,1.584433E-2
0,3.594328E-3
0,6.337067E-2
0,3.029376E-2
0,2.106274E-2
0,3.28696E-2
0,1.410663E-2
0,1.917933E-3
0,6.328215E-2
0,1.348334E-3
1,9.687884E-1
0,2.932071E-2
0,6.959916E-1
0,1.21028E-3
0,8.535145E-3
0,7.495243E-3
0,1.759913E-2
0,1.939507E-2
0,1.45566E-1
0,1.070581E-1
0,6.70996E-3
0,4.790345E-2
0,2.326174E-1
0,1.613064E-1
0,1.16061E-1
0,6.848325E-1
0,1.858796E-3
0,2.220077E-3
0,4.531456E-2
0,5.598737E-3
0,5.739045E-2
0,3.096868E-1
0,2.233428E-2
0,3.857063E-1
0,8.687866E-3
0,1.376788E-2
0,6.176305E-2
0,4.203262E-2
0,1.651277E-3
1,9.100866E-1
0,5.807238E-3
0,3.122871E-1
0,2.544033E-3
0,5.140205E-2
0,1.538286E-2
0,4.068595E-1
0,2.590771E-3
0,2.374943E-2
0,4.831103E-1
0,5.630868E-2
0,1.569069E-2
0,4.661062E-3
0,2.87914E-1
0,2.038131E-1
0,2.347189E-1
0,5.29157E-1
0,6.055994E-1
0,3.387239E-3
0,4.449019E-2
0,3.164443E-3
0,6.917151E-2
1,9.024656E-1
0,7.615071E-3
0,4.455776E-1
0,8.098181E-2
0,1.544478E-2
0,2.047772E-2
0,5.641382E-3
0,3.985648E-2
0,3.510892E-2
0,4.387831E-3
0,5.574368E-2
0,5.535119E-3
0,5.960325E-2
0,7.468028E-2
0,3.548713E-3
0,1.270159E-2
0,1.064852E-1
0,1.38445E-2
0,1.874689E-1
0,4.241467E-3
0,3.702467E-3
0,4.438157E-1
0,8.238112E-2
0,1.227451E-2
0,4.93603E-1
0,1.384736E-2
0,3.373025E-2
0,4.383317E-2
0,1.030127E-2
0,1.099121E-2
0,3.611163E-3
0,8.360412E-3
0,1.011767E-2
1,9.300979E-1
0,2.561793E-1
0,5.034789E-3
0,1.636584E-2
1,9.550602E-1
0,2.557385E-1
0,5.683222E-2
0,3.535305E-3
0,3.809694E-3
0,7.899356E-3
0,5.5129E-2
0,7.304244E-3
0,1.548187E-3
0,9.561879E-2
0,1.136336E-1
0,4.29445E-3
0,8.464135E-2
0,2.589646E-2
0,1.79695E-2
0,2.684043E-1
0,1.187007E-2
0,1.736061E-2
0,9.26479E-2
0,1.10476E-2
0,3.203433E-1
0,1.883783E-2
0,6.186735E-2
0,2.759415E-2
0,3.636697E-2
0,7.928921E-3
0,4.142736E-3
0,2.480863E-2
0,2.609715E-1
0,1.007966E-2
0,2.498546E-2
0,3.704841E-3
0,3.153208E-2
0,4.180295E-2
1,8.784694E-1
0,6.810705E-2
0,2.493531E-3
0,3.350224E-3
0,2.334013E-2
0,4.64914E-2
1,9.436087E-1
0,4.468479E-2
0,2.765972E-3
0,1.360575E-1
0,9.262365E-3
0,4.499648E-1
0,2.194614E-1
0,3.619683E-2
0,3.542182E-3
0,1.60484E-2
0,3.388E-2
0,6.467192E-3
0,1.453266E-2
0,6.981743E-1
0,2.730262E-1
0,1.893579E-3
0,2.383716E-2
0,8.34993E-2
0,2.683585E-3
0,1.627464E-2
0,3.506656E-3
0,6.256355E-1
0,1.572228E-2
0,1.532445E-2
0,3.887976E-1
0,3.093325E-3
0,2.880432E-3
0,2.946579E-3
0,5.843684E-2
0,2.944876E-3
0,6.189034E-3
0,1.806676E-1
0,4.405776E-2
0,3.651554E-1
0,5.251374E-3
0,2.290203E-2
0,7.777082E-2
0,3.85516E-2
0,5.279435E-3
0,3.94195E-3
0,6.001615E-2
0,6.92932E-3
0,1.971977E-2
0,7.193561E-1
0,7.516139E-2
0,1.166039E-2
0,6.810907E-2
1,8.226218E-1
0,2.449071E-1
0,6.349365E-2
0,3.01167E-2
0,1.575898E-1
0,3.138979E-3
0,7.040974E-1
0,2.656603E-3
0,2.251462E-2
0,9.114608E-3
0,1.857147E-2
0,6.851295E-2
0,2.427367E-1
0,4.839503E-2
0,4.977853E-3
0,1.380156E-2
0,2.103572E-1
0,2.300745E-2
0,3.780115E-3
0,4.630095E-3
0,2.241612E-3
0,2.521062E-1
0,2.436339E-2
0,3.931029E-2
0,3.373829E-2
0,1.98432E-2
0,3.790122E-2
0,9.350853E-3
0,6.138914E-3
0,1.454142E-2
0,1.060793E-2
0,5.525183E-2
0,2.282819E-3
0,1.289301E-1
0,3.684618E-1
1,9.930647E-1
0,5.083381E-2
0,3.52565E-1
0,4.983032E-1
0,6.448612E-3
0,3.05306E-2
0,1.190216E-1
0,4.673652E-1
0,1.971772E-2
0,1.063543E-2
0,1.509482E-2
0,1.184898E-2
0,2.40125E-2
0,8.029134E-3
0,6.604356E-3
1,9.12807E-1
0,3.352024E-1
0,4.899138E-2
0,8.096696E-2
0,2.876712E-3
0,4.812572E-2
0,3.708789E-1
0,2.882732E-1
0,2.706276E-3
0,5.330839E-2
0,1.025923E-2
0,9.579425E-3
0,7.490226E-1
0,1.290728E-3
0,5.707218E-3
0,1.60255E-3
0,5.938137E-1
0,6.133097E-2
0,1.684856E-3
0,4.003679E-2
0,7.106593E-1
0,1.086839E-2
0,1.680516E-1
0,6.664488E-1
0,3.020339E-3
0,4.449353E-2
0,4.407668E-1
0,1.329125E-2
0,3.54218E-2
0,8.058372E-3
0,8.322488E-2
0,1.121583E-2
0,7.523722E-1
0,2.605243E-2
0,1.155608E-1
0,9.532363E-3
0,4.622444E-2
0,5.599591E-2
0,6.83168E-2
0,5.651689E-1
0,5.918566E-3
0,4.630726E-1
0,6.454972E-1
0,3.143127E-3
0,2.986978E-3
0,3.979887E-1
0,3.228331E-1
0,4.278859E-1
0,3.83977E-2
0,3.042064E-3
0,2.06167E-2
0,2.885862E-2
0,1.281863E-3
0,5.818346E-2
0,2.901578E-3
0,1.00034E-2
0,2.512353E-2
0,8.239508E-2
0,8.054855E-2
0,2.166092E-1
1,8.763435E-1
0,6.074032E-2
0,4.452924E-3
0,2.70502E-2
0,7.676758E-2
0,9.507829E-2
0,3.379364E-2
0,6.200218E-2
1,8.318413E-1
0,1.422969E-2
0,2.851024E-1
0,1.521168E-2
1,9.370244E-1
0,6.587246E-3
0,5.933385E-1
0,1.584248E-2
0,2.102319E-1
0,5.256576E-1
0,5.511963E-3
0,7.528776E-2
0,5.73085E-3
0,2.789776E-3
0,4.591644E-2
0,5.873866E-2
0,4.767147E-3
0,6.794318E-3
0,1.318984E-1
0,9.026772E-2
0,4.706138E-1
0,7.280073E-3
0,5.814285E-1
0,2.212764E-2
0,1.332142E-1
0,3.074177E-3
0,1.323029E-2
0,1.323697E-2
0,2.484757E-2
0,6.001798E-3
0,2.485695E-2
0,3.421694E-1
0,4.340479E-3
0,1.908702E-3
0,6.941332E-3
0,5.606785E-2
0,3.868217E-2
0,9.785849E-3
0,3.363388E-1
0,6.673313E-3
0,1.012826E-1
0,1.246602E-2
0,2.788792E-3
0,1.642905E-3
0,5.708501E-3
0,1.049459E-1
0,5.183723E-3
0,3.636771E-1
0,3.375635E-1
0,1.046778E-2
0,1.878873E-2
0,8.946876E-2
0,4.727186E-2
0,2.868455E-1
0,3.157036E-2
0,2.739284E-1
0,1.621594E-1
0,3.193877E-1
0,4.686087E-2
0,2.244816E-2
0,1.751835E-1
0,5.313503E-3
0,2.602262E-2
0,8.187152E-3
0,8.283385E-3
0,2.254233E-3
0,6.596748E-3
0,2.264514E-1
0,9.66289E-2
0,6.543049E-3
0,3.02171E-2
0,3.387611E-2
0,1.386526E-1
0,4.779717E-2
0,4.808296E-3
0,3.024268E-3
0,2.710878E-3
0,3.965014E-3
0,3.280223E-3
0,4.532396E-3
0,2.811937E-2
0,2.118752E-3
0,4.274431E-2
0,2.904746E-1
0,2.263316E-1
0,1.08122E-2
0,3.291959E-3
0,4.378882E-3
0,1.259575E-2
0,3.462204E-2
0,4.25455E-1
0,9.324463E-3
0,1.341578E-2
0,1.955164E-3
0,6.261533E-3
0,3.239955E-3
0,8.168669E-3
0,3.701114E-2
0,6.03285E-3
0,4.528395E-2
0,1.119521E-1
0,4.572899E-3
0,8.110549E-2
0,2.116687E-1
0,1.132288E-2
0,1.535736E-2
0,2.199898E-3
0,9.537123E-2
0,2.015276E-1
0,1.588174E-3
0,2.75181E-1
0,7.081649E-2
0,3.842138E-3
0,4.494197E-1
0,1.254406E-1
0,6.893611E-2
0,5.980444E-3
0,2.383518E-3
0,1.492511E-2
0,3.090254E-1
0,3.913783E-2
0,3.615355E-3
0,6.70586E-2
0,2.671747E-3
0,1.598415E-2
0,9.144717E-3
0,2.103667E-3
0,1.845739E-2
0,4.694862E-3
0,2.129841E-1
0,5.332577E-2
0,2.867214E-3
0,7.555449E-3
0,4.268098E-2
0,2.187815E-2
0,2.853199E-3
0,3.74851E-2
0,2.71821E-3
0,1.489436E-2
0,6.177054E-3
0,6.484758E-3
0,3.472775E-2
0,4.610751E-2
0,1.05591E-2
0,1.481819E-2
0,2.342666E-3
0,3.52331E-2
0,2.929544E-2
1,7.671301E-1
0,9.812736E-3
0,2.379392E-1
0,1.194023E-1
0,2.465154E-2
0,1.194116E-2
0,7.130024E-3
0,4.965617E-3
0,5.881283E-2
0,6.687011E-3
0,5.65154E-1
0,7.775183E-3
0,5.856802E-2
0,3.139456E-3
0,2.417211E-2
0,5.611891E-2
0,5.629263E-1
0,6.220172E-2
0,1.214999E-2
0,5.340735E-1
0,5.261703E-2
0,3.387523E-2
0,3.823661E-1
0,4.682592E-2
0,3.118165E-2
0,4.680386E-3
0,3.42916E-3
0,4.1855E-2
0,2.66461E-1
0,4.081926E-3
0,1.662474E-3
0,7.571913E-2
0,2.136858E-3
0,1.880631E-2
0,5.420954E-3
0,2.296098E-3
0,1.012823E-2
0,4.688748E-2
0,7.154992E-3
0,6.78014E-3
0,5.302284E-3
0,3.55511E-3
0,3.199359E-3
0,4.148673E-2
0,7.183667E-3
0,3.472609E-2
0,2.787259E-2
0,4.354675E-1
0,7.731219E-3
0,2.164545E-2
0,7.556018E-2
0,1.170047E-2
0,3.862613E-3
0,4.53871E-3
0,2.844339E-1
0,9.900912E-2
0,4.529517E-3
0,1.682885E-3
0,4.126594E-1
0,1.835534E-2
0,2.985644E-2
0,4.647757E-3
0,7.346448E-3
0,2.087438E-2
0,2.117125E-2
0,6.927286E-1
0,6.557493E-3
0,6.892887E-2
0,3.22175E-2
0,1.994945E-3
0,6.078349E-2
0,7.255913E-3
0,1.623606E-2
0,1.254693E-3
0,3.437542E-1
0,1.834728E-2
0,3.562758E-1
0,3.699415E-3
0,9.694604E-2
0,2.616184E-1
0,1.378134E-2
0,1.550323E-1
0,2.70254E-3
0,7.067648E-2
0,4.301164E-1
0,5.481028E-3
0,1.466504E-1
0,1.695767E-2
1,9.723215E-1
0,3.873721E-3
0,1.86605E-1
0,4.955174E-2
0,3.290157E-2
0,5.865462E-1
0,1.343396E-1
0,1.126818E-2
0,1.46067E-3
0,1.765321E-3
0,5.126904E-2
0,2.143785E-3
0,1.548689E-2
0,2.48076E-2
0,1.785108E-3
0,2.292612E-2
0,4.070445E-3
0,1.181975E-1
0,1.506111E-3
0,2.154823E-2
0,2.005216E-1
0,8.035032E-3
0,1.289703E-3
0,3.76241E-1
0,1.129058E-1
0,1.550861E-2
0,5.951862E-3
0,6.327432E-1
0,2.241172E-1
0,1.526602E-1
0,1.187825E-2
0,4.856797E-3
0,1.985083E-2
0,1.655492E-1
0,1.320934E-2
0,4.52889E-3
0,1.298233E-1
0,8.614335E-3
0,2.130739E-2
0,2.131365E-3
0,1.572367E-2
0,3.253032E-2
0,2.415938E-1
0,5.185428E-2
0,3.636527E-2
0,5.700969E-1
0,7.18287E-3
0,9.427326E-3
0,7.873793E-3
0,2.974333E-3
0,2.084036E-1
0,2.216205E-2
0,8.414107E-3
0,6.310252E-3
0,3.676851E-3
0,7.187036E-3
0,1.752021E-3
0,9.820921E-3
0,1.899862E-2
0,1.881447E-1
0,8.283321E-3
0,1.089685E-2
0,1.91146E-2
1,7.717562E-1
0,7.310531E-2
0,3.47329E-2
0,2.451072E-3
0,8.065721E-3
1,8.743591E-1
1,8.651719E-1
0,3.560085E-1
0,1.835858E-2
0,1.235401E-1
0,4.706411E-3
0,3.689781E-1
0,1.486392E-2
0,1.401835E-3
0,1.591299E-1
0,5.35971E-1
0,1.176017E-1
0,1.435394E-2
0,2.749322E-3
0,4.674285E-1
0,3.198219E-1
0,5.07259E-3
0,1.640486E-1
0,5.347754E-2
0,8.06023E-3
0,2.512673E-1
0,6.725121E-2
0,6.073505E-3
0,1.471546E-2
0,4.589617E-2
0,3.995967E-2
0,2.733734E-2
0,6.510121E-3
0,1.188576E-2
0,4.449967E-1
0,3.416375E-3
0,2.383047E-3
0,1.307396E-2
0,4.529023E-3
0,4.747821E-2
0,3.391086E-3
0,3.146538E-3
0,3.22265E-3
0,5.539683E-3
0,3.417137E-3
0,5.429489E-3
0,1.612137E-1
0,1.437662E-1
0,6.768196E-1
0,3.265807E-2
0,2.498926E-3
0,1.942279E-3
0,6.38141E-3
0,9.711479E-3
0,9.150915E-3
0,6.359443E-3
0,3.032674E-1
0,5.583805E-2
0,1.431756E-1
0,7.926871E-2
0,1.951213E-2
0,4.478579E-3
0,7.907591E-3
0,2.247759E-1
0,7.092874E-2
0,2.832084E-1
0,6.140869E-3
0,2.177486E-2
0,1.739359E-1
0,6.094731E-3
0,4.594722E-3
0,6.150341E-2
0,2.611247E-2
0,6.012322E-2
0,1.002911E-2
0,2.628448E-1
0,1.688621E-2
0,1.503159E-2
0,7.313959E-3
0,2.079634E-1
0,3.45795E-2
0,4.276477E-1
0,3.659758E-2
0,2.034429E-1
0,1.074189E-2
0,5.447185E-2
0,3.564666E-3
0,3.19885E-2
0,2.700012E-3
0,6.263844E-1
0,1.856373E-2
0,7.205166E-2
0,3.473625E-2
0,3.742903E-3
0,1.817537E-2
0,1.930005E-3
0,2.447296E-3
0,4.610253E-1
0,3.6926E-2
0,8.301365E-3
0,2.700791E-1
0,1.001839E-1
0,4.544804E-3
0,9.895869E-2
0,2.556342E-2
0,1.81149E-1
0,5.406094E-3
0,3.562753E-3
0,4.2932E-2
0,3.769723E-3
0,4.455452E-3
0,1.891426E-1
0,3.399402E-3
0,2.456209E-2
0,7.163138E-2
0,4.976858E-2
0,3.202197E-3
0,4.493676E-2
0,2.659388E-1
0,2.643871E-2
0,4.222603E-1
0,3.390039E-3
0,1.698663E-2
0,2.352029E-1
0,9.2466E-2
0,2.969093E-2
0,4.126097E-3
0,4.440348E-3
0,8.874286E-2
0,6.428495E-1
0,9.780646E-2
0,2.951351E-2
0,1.693534E-2
0,3.723959E-3
0,7.062757E-2
0,3.114594E-1
0,3.309059E-3
0,1.11788E-2
0,1.653779E-2
0,2.274565E-2
0,2.262798E-1
0,1.550936E-2
0,1.805538E-2
0,9.027281E-2
0,5.238942E-2
0,3.934808E-1
0,2.848026E-2
0,1.746763E-2
0,6.716605E-2
1,8.888462E-1
1,8.128076E-1
0,1.784322E-2
0,1.10946E-2
0,2.579542E-3
0,2.639208E-2
0,8.577881E-3
0,2.042921E-3
0,1.012543E-2
0,3.730639E-2
0,2.509697E-3
0,9.124993E-3
0,2.528344E-3
0,5.758241E-3
0,1.933196E-3
0,2.684947E-2
0,3.599887E-2
0,2.208444E-1
0,4.791094E-3
0,1.794258E-3
0,6.887804E-2
0,1.403914E-2
0,3.18188E-1
0,3.264252E-2
0,5.388672E-2
0,2.308003E-2
0,1.830211E-1
0,3.918761E-3
0,2.77829E-2
0,5.3031E-2
0,1.688331E-3
0,2.355136E-3
0,2.277044E-1
0,6.016198E-3
0,1.413212E-3
0,2.669224E-3
0,1.183918E-2
0,4.524318E-3
0,1.251758E-2
0,3.652585E-1
0,6.561628E-3
0,3.531293E-1
0,3.898102E-2
0,4.887172E-2
0,8.111652E-2
0,5.115461E-1
0,9.482898E-2
0,3.706141E-2
0,1.548733E-2
0,1.215108E-2
0,2.060189E-2
0,1.489943E-2
0,4.374775E-1
0,5.744925E-3
0,1.45323E-2
0,1.157217E-2
0,4.96453E-3
0,1.250995E-1
0,3.17914E-3
0,4.626922E-2
0,6.61751E-3
0,1.219121E-2
0,3.201177E-2
0,6.055229E-3
0,5.447314E-3
0,8.616848E-3
0,8.316472E-3
0,2.128327E-2
0,5.361513E-1
0,4.753272E-3
0,6.906813E-2
0,7.489577E-1
0,5.639693E-1
0,3.488097E-2
0,1.09887E-2
0,2.245442E-1
0,2.358128E-3
0,4.108733E-3
0,1.159422E-2
0,5.828847E-3
0,2.938154E-1
0,4.923096E-3
0,2.359912E-3
1,9.848E-1
0,1.318285E-1
0,2.117645E-1
0,4.947904E-1
0,3.068411E-2
0,4.578911E-3
0,4.565713E-1
0,1.284003E-2
0,1.996307E-2
0,5.818686E-3
0,2.983159E-3
0,1.034824E-1
0,1.718404E-3
0,4.537891E-3
0,7.618663E-3
0,4.238637E-2
0,2.702403E-2
0,3.551148E-2
0,7.995945E-3
0,6.69587E-3
0,4.660094E-1
0,2.903574E-3
0,1.946924E-2
0,4.031961E-2
0,2.668166E-3
0,9.940577E-3
0,5.844978E-1
0,1.027286E-2
0,7.420697E-3
0,5.415541E-3
1,8.09082E-1
0,4.693856E-3
0,9.731558E-3
0,4.937091E-3
0,6.036608E-3
0,2.213349E-1
0,3.79542E-3
0,1.731893E-3
1,9.227725E-1
0,2.127439E-3
0,4.287083E-3
0,5.467641E-3
0,4.863083E-1
0,2.70399E-2
0,2.651057E-2
0,5.114141E-2
0,1.699114E-3
0,1.083501E-2
0,2.63983E-1
0,9.701227E-3
0,6.563259E-2
0,1.6393E-1
0,3.219145E-3
0,6.858263E-2
0,2.386355E-2
0,3.561762E-3
0,2.604604E-3
0,1.498268E-3
0,5.857361E-3
0,1.249975E-2
0,1.32636E-1
0,2.744574E-1
0,1.851289E-2
0,1.532704E-2
0,1.184304E-2
0,1.526709E-2
0,6.811995E-3
0,2.316657E-2
0,8.819404E-2
0,1.056249E-2
0,1.281047E-2
0,6.268687E-2
0,1.103315E-2
0,3.867409E-2
0,3.487702E-3
0,8.104955E-3
0,4.250407E-2
0,4.60747E-3
0,4.194975E-3
0,7.177176E-2
0,4.925963E-1
0,1.929754E-2
0,1.739273E-2
0,2.704013E-2
0,2.82853E-3
0,9.817591E-2
0,1.996821E-2
0,3.480479E-3
0,4.714908E-2
0,2.762423E-1
0,6.027288E-3
0,5.074697E-1
0,3.031267E-3
0,4.481985E-1
0,2.655605E-1
0,6.482602E-1
0,6.195688E-1
0,1.424029E-1
0,1.488833E-3
0,3.755201E-1
0,1.525511E-2
0,9.485207E-3
0,4.311202E-1
0,6.754611E-3
0,4.178037E-3
0,2.17703E-2
0,5.539874E-3
0,1.191093E-1
0,1.298904E-3
0,2.416404E-3
0,3.841407E-1
0,1.786942E-2
0,4.873781E-2
0,4.004836E-3
0,2.132291E-2
0,2.026919E-1
0,3.208956E-3
0,7.057386E-1
0,6.837359E-3
0,2.468571E-1
0,3.181854E-1
0,1.138656E-1
0,3.248203E-2
0,9.305959E-3
0,2.628493E-2
0,2.03841E-3
0,4.932487E-3
0,2.574584E-2
0,1.052519E-1
0,1.04977E-2
1,7.650933E-1
0,1.697934E-2
0,3.943635E-1
0,1.41726E-1
0,2.643405E-3
0,2.754242E-2
0,3.726594E-1
0,3.680022E-1
0,1.001446E-1
0,1.93107E-2
0,2.29343E-3
0,9.565224E-3
0,3.733624E-1
0,3.187759E-3
0,1.972472E-2
0,2.869788E-3
0,5.283367E-3
0,2.976607E-3
0,2.010459E-2
0,3.252014E-1
0,4.232498E-2
0,1.686196E-2
0,2.791897E-2
0,6.959442E-1
0,9.848966E-3
0,2.959178E-3
0,6.168567E-2
0,6.788771E-3
0,2.649216E-3
0,2.669468E-3
0,4.481348E-3
0,1.556728E-2
0,5.330188E-1
0,5.34974E-2
0,2.644059E-3
0,2.304394E-2
0,1.709832E-2
0,1.924667E-2
0,1.827979E-2
0,1.545856E-2
0,1.638121E-2
0,6.097507E-3
0,4.372861E-1
0,3.305677E-3
0,2.099557E-2
0,1.386309E-2
0,7.951498E-3
0,6.487213E-3
0,2.855114E-2
0,1.483021E-3
0,1.449917E-1
0,1.975196E-2
0,1.007416E-2
0,5.159827E-3
0,3.831529E-3
0,8.859662E-3
0,4.718584E-1
0,6.300806E-2
0,3.370582E-1
0,2.474415E-2
0,3.201397E-3
0,5.550333E-3
0,6.529246E-1
0,3.822873E-1
0,8.33731E-3
0,7.910708E-3
0,3.843031E-1
0,2.652941E-2
0,2.755853E-1
0,2.380189E-3
0,3.598317E-3
0,5.135676E-2
0,1.559901E-2
0,2.88555E-3
0,4.041437E-3
0,5.132244E-3
0,2.154391E-3
0,6.671124E-3
0,2.579143E-2
0,8.027989E-3
0,3.643258E-1
0,8.654345E-2
0,3.785132E-1
1,7.945286E-1
0,7.323792E-1
0,2.040366E-3
0,1.982369E-3
0,1.7488E-1
0,2.75189E-2
1,9.616759E-1
0,2.24E-2
0,2.865717E-1
0,1.240747E-1
0,3.94642E-1
0,4.094937E-3
0,2.652937E-1
0,3.077593E-2
0,2.453867E-3
0,3.358836E-2
0,2.6852E-2
0,3.536681E-2
0,2.926983E-2
0,7.143504E-2
0,2.976959E-3
0,6.823422E-3
0,3.577328E-2
0,4.686025E-2
0,5.821764E-2
0,5.961185E-1
0,3.89172E-2
0,2.66664E-2
0,2.418918E-1
0,9.764844E-3
0,4.974046E-2
0,1.824467E-2
0,3.080078E-2
0,2.584158E-3
0,9.458294E-3
0,3.55481E-2
0,2.410542E-3
0,8.944691E-3
0,1.229936E-2
0,4.857141E-3
0,1.734133E-1
0,4.667145E-2
0,2.553265E-3
0,6.45217E-3
0,2.988997E-3
0,1.231468E-2
0,2.878982E-1
0,1.214197E-2
0,2.753235E-3
0,8.252063E-3
0,4.70673E-2
0,3.324863E-2
0,5.706164E-3
0,3.29555E-3
0,5.615817E-1
1,9.663101E-1
0,7.526616E-1
0,2.196262E-2
0,6.173787E-2
0,6.067444E-2
0,2.624227E-2
1,9.492442E-1
0,6.255105E-2
0,3.229474E-2
0,7.909656E-2
0,1.554024E-2
0,3.705858E-2
0,1.431628E-2
0,3.907113E-1
0,2.700336E-1
0,8.525931E-3
0,1.660289E-2
0,1.208346E-1
0,4.720016E-2
0,3.323441E-3
0,1.068069E-2
0,6.35675E-2
0,1.295794E-2
0,1.581748E-2
0,7.508218E-3
0,2.003749E-1
0,8.298568E-3
0,1.841265E-2
0,1.154327E-2
0,3.833356E-2
0,2.844573E-1
0,1.676478E-1
0,6.184824E-1
0,5.731855E-3
0,2.271696E-2
0,5.503836E-3
1,7.717338E-1
0,2.587562E-2
0,5.697639E-1
0,8.676482E-3
0,3.7363E-2
0,2.400727E-3
0,2.248753E-2
0,2.146967E-2
0,3.420062E-3
0,1.463277E-2
0,4.406988E-3
0,3.996524E-2
0,3.942253E-1
0,8.62991E-3
0,1.132266E-1
1,9.423479E-1
0,4.768318E-2
0,2.516734E-1
0,3.649449E-2
0,4.0961E-3
0,2.96521E-1
0,5.769428E-2
0,1.050169E-2
0,5.864991E-1
0,1.5017E-3
0,3.061256E-3
0,2.809644E-3
0,2.241904E-3
0,5.732828E-1
0,3.536581E-3
0,1.721567E-2
0,1.471046E-1
1,7.762411E-1
1,9.801401E-1
0,4.792564E-2
1,8.102126E-1
0,2.272329E-2
0,1.440749E-3
0,2.52838E-2
0,7.413449E-1
0,9.839241E-2
0,2.803076E-2
0,2.375438E-2
0,8.233648E-3
0,2.296228E-3
0,3.192483E-1
0,5.228978E-2
0,5.141762E-3
0,1.37764E-2
0,7.153517E-3
0,1.870749E-1
0,9.41902E-2
1,9.646293E-1
0,5.235169E-3
0,1.714773E-2
0,3.641146E-2
1,8.385267E-1
0,5.929287E-2
0,6.422615E-2
0,1.693744E-2
0,1.448906E-2
0,1.750823E-2
0,5.40951E-2
0,2.873123E-1
0,2.277418E-1
0,2.816802E-1
0,1.974679E-2
0,1.74275E-2
0,1.356184E-1
0,3.287479E-1
0,4.301936E-2
0,2.157026E-3
0,3.898832E-3
0,1.803128E-2
0,1.353846E-2
0,4.345289E-1
0,2.13974E-1
0,6.498279E-1
0,1.672946E-2
0,6.520071E-2
0,4.458707E-1
0,2.392185E-2
0,4.562607E-1
0,8.612742E-3
0,4.945541E-1
1,8.594843E-1
0,2.698145E-3
0,1.894777E-2
0,5.277201E-3
0,9.484961E-2
0,3.803201E-1
0,1.093995E-1
0,2.959743E-1
0,1.957196E-2
0,1.080771E-2
0,1.509991E-3
0,4.227678E-1
0,5.413513E-2
0,4.043314E-3
1,9.60038E-1
0,4.562127E-2
0,3.724371E-3
0,4.04212E-2
0,9.017666E-3
0,5.447659E-1
0,1.688745E-2
0,3.085276E-3
0,4.922147E-2
0,6.82033E-3
0,6.15652E-1
0,1.262998E-2
0,6.742463E-1
0,3.073303E-3
0,4.554023E-3
0,2.232186E-2
0,1.964291E-2
0,2.238089E-2
0,2.601673E-3
0,3.671508E-2
0,1.287445E-3
0,5.701862E-2
0,1.922154E-2
0,4.668062E-3
0,1.361779E-2
0,4.658192E-2
0,9.774935E-3
0,4.933029E-2
0,5.591161E-2
0,4.412336E-2
0,5.72263E-3
0,1.407809E-2
0,2.078239E-2
0,3.224169E-2
0,2.266121E-2
0,2.694531E-1
0,2.901041E-2
0,4.672519E-1
1,9.931999E-1
0,4.675871E-3
0,6.622654E-2
0,8.051843E-3
0,5.753221E-2
0,1.931041E-2
0,3.3101E-2
0,3.516956E-3
0,6.113712E-3
0,2.514147E-3
0,6.709658E-3
0,3.312479E-2
0,1.409828E-2
0,8.199028E-3
0,1.403764E-1
0,3.651162E-3
0,1.799353E-3
0,3.72244E-3
0,4.25692E-3
0,2.5235E-2
0,1.529527E-3
0,7.360485E-2
0,3.213028E-3
0,2.186122E-3
0,1.476054E-2
0,3.191368E-2
0,6.566382E-2
0,5.591156E-3
0,1.74691E-2
0,1.158703E-1
0,6.656971E-3
0,1.481476E-1
1,8.462467E-1
0,8.113893E-2
0,3.083975E-1
0,2.961966E-2
0,2.640343E-2
0,4.191393E-1
0,1.675823E-1
0,2.341831E-1
0,2.319259E-2
0,5.834764E-2
0,9.001729E-2
0,1.958566E-2
0,1.784634E-3
0,7.948037E-3
0,2.638111E-2
0,1.401302E-3
0,1.79485E-2
0,5.04244E-1
0,2.766322E-3
0,1.120988E-3
0,3.967032E-2
0,2.257944E-2
0,6.75055E-3
0,3.509433E-1
0,5.237721E-2
0,4.751905E-2
0,5.725492E-3
0,6.274063E-2
0,5.600293E-3
0,5.982461E-3
0,1.022784E-2
0,7.111671E-2
0,8.80755E-3
0,9.282952E-2
0,2.759135E-3
0,4.763556E-2
0,5.757149E-3
0,4.089266E-1
0,8.867583E-3
0,2.884439E-3
0,3.704069E-3
0,4.921268E-3
0,3.319376E-2
0,2.222028E-2
0,3.692077E-2
0,2.53712E-1
0,4.085328E-3
0,3.951952E-1
1,8.818071E-1
0,3.636241E-2
0,4.943396E-3
0,5.064955E-1
0,3.280542E-1
0,5.365729E-1
0,2.922416E-3
0,3.385692E-1
0,7.64869E-2
0,2.21453E-2
0,4.988485E-3
0,3.404884E-1
0,4.680978E-3
0,1.528889E-2
0,6.986336E-3
0,1.408493E-3
0,5.955492E-3
0,4.656223E-3
0,2.235082E-3
0,1.402365E-2
1,9.525962E-1
0,4.171983E-2
0,3.08806E-1
0,4.867449E-3
0,8.067026E-2
0,8.636691E-3
0,4.085451E-3
0,1.486142E-3
0,3.791312E-1
0,9.693103E-3
0,8.748551E-3
0,7.489385E-1
0,8.274535E-3
0,1.2529E-2
0,4.084675E-2
0,3.067919E-3
0,2.900239E-2
0,1.529623E-3
0,3.222312E-2
0,1.878707E-2
0,2.778341E-1
0,1.818321E-2
0,1.749386E-2
0,2.645228E-2
1,8.198911E-1
0,3.001947E-3
0,9.78753E-3
0,8.44235E-3
0,6.718337E-2
0,1.749085E-1
0,1.725482E-2
0,2.627541E-2
0,7.321392E-1
1,8.610937E-1
0,4.848598E-1
0,3.023011E-3
0,8.285287E-2
1,8.352278E-1
0,2.628739E-2
0,6.815819E-1
0,1.66596E-2
0,3.813001E-2
0,5.021085E-2
0,2.221508E-2
0,1.221889E-1
0,3.180036E-2
0,6.445547E-1
0,1.178281E-1
0,1.039167E-2
1,7.7992E-1
0,4.956017E-1
0,1.425684E-2
0,1.677709E-2
0,5.414185E-1
0,2.147608E-1
0,1.277897E-1
0,5.357299E-3
0,5.827756E-1
1,8.823111E-1
0,1.458321E-1
0,4.711015E-1
0,3.460542E-3
0,5.426952E-3
0,2.33384E-3
0,9.54391E-3
0,5.979776E-2
0,2.763502E-3
0,2.021591E-3
0,1.883709E-3
0,2.503089E-3
0,5.092284E-3
0,2.421262E-2
0,1.325269E-2
0,4.734363E-3
0,7.800234E-2
0,2.21735E-2
0,2.88164E-2
0,6.420668E-3
0,1.018281E-2
0,2.784063E-2
0,1.228921E-2
0,2.394092E-1
0,3.776085E-3
0,4.40858E-2
0,8.147683E-2
0,2.765865E-2
0,1.454567E-2
0,3.78928E-1
0,2.808617E-2
0,7.488244E-2
0,3.109069E-3
0,2.304107E-2
0,2.733876E-3
0,2.373001E-2
0,2.893552E-3
0,5.589022E-2
0,8.103363E-3
0,3.12534E-3
0,3.498692E-3
0,5.037203E-1
0,7.734335E-3
0,2.293707E-3
0,3.499463E-3
0,1.227338E-2
0,3.716237E-1
0,1.291802E-2
0,4.257902E-3
0,3.64842E-3
0,5.408622E-1
0,1.502747E-2
0,5.482033E-2
0,2.573007E-1
0,6.52995E-1
0,7.157482E-3
0,9.143652E-2
0,1.662179E-2
0,1.614444E-2
0,4.125728E-3
0,1.675141E-1
1,8.944609E-1
0,2.959426E-3
0,6.195738E-3
0,5.264852E-2
0,7.031913E-3
0,5.756521E-1
0,3.837675E-2
0,2.164918E-3
0,3.820431E-1
0,6.802616E-3
1,9.504114E-1
0,7.441981E-3
0,1.443628E-1
0,1.919607E-2
1,8.939117E-1
0,3.372052E-3
0,6.72504E-3
0,1.863671E-3
0,1.723159E-3
0,2.840253E-3
0,1.173959E-1
0,8.745946E-3
0,2.859178E-2
1,9.258683E-1
0,2.243348E-2
0,1.956838E-3
0,4.757285E-3
0,6.145448E-2
0,1.747537E-2
0,1.402057E-2
0,7.167496E-3
0,6.793935E-3
0,2.759959E-2
0,4.103665E-3
0,5.902161E-1
0,2.657744E-2
0,3.130384E-3
0,1.422212E-2
0,7.268465E-3
0,3.639183E-3
0,3.284137E-1
0,2.519785E-2
0,2.51166E-2
0,3.125799E-3
0,3.372356E-2
0,3.276773E-3
0,2.397795E-2
0,8.610439E-3
0,7.392916E-3
0,7.334678E-2
0,2.458795E-1
0,1.191202E-2
0,1.872544E-2
0,4.795365E-1
0,9.066439E-2
0,1.399511E-1
0,2.756E-2
0,7.035416E-2
0,3.090379E-2
0,7.05373E-3
0,4.333099E-2
0,5.122706E-2
0,3.986806E-2
0,1.031773E-2
0,4.402812E-1
0,7.734183E-3
0,8.331362E-3
0,3.520021E-3
0,3.624507E-1
0,1.847137E-3
0,1.194009E-2
0,5.382812E-3
0,2.119411E-1
0,2.154172E-2
0,8.874893E-2
0,2.761241E-3
0,1.007914E-2
0,4.427188E-2
0,4.61013E-1
0,3.896569E-3
0,4.340329E-1
0,2.251144E-2
0,2.705518E-1
0,6.011697E-3
0,1.18919E-2
0,1.115079E-2
1,9.003622E-1
0,4.358371E-2
0,3.020179E-3
0,1.880859E-2
0,3.23056E-2
0,7.368814E-3
0,9.968477E-2
0,2.857989E-2
0,1.257482E-2
0,4.009476E-3
0,2.422327E-2
0,3.807815E-1
0,6.58817E-1
0,4.358465E-2
0,3.226489E-1
0,4.683422E-3
0,2.191928E-3
0,3.059785E-2
0,7.226406E-1
0,2.301308E-2
0,7.424655E-3
0,1.050606E-2
0,9.731629E-3
0,5.259813E-1
0,2.520452E-1
0,2.810312E-3
0,1.592745E-1
0,1.677203E-1
0,1.151789E-2
0,6.854674E-2
0,3.903925E-3
0,6.616168E-2
0,2.30391E-3
0,6.541082E-2
0,2.26371E-2
0,1.150151E-2
0,3.333457E-2
0,3.426493E-2
0,9.793556E-3
0,7.139629E-3
0,5.249961E-2
0,6.575167E-3
0,1.124446E-1
0,4.958946E-3
0,6.056507E-3
0,6.979514E-3
0,2.925866E-1
0,2.308202E-3
0,1.420703E-2
0,1.916908E-2
0,1.090554E-2
0,4.013257E-3
0,1.271402E-1
0,5.411231E-2
0,1.240627E-1
0,1.551938E-2
0,6.546715E-2
0,3.48368E-3
0,1.702189E-1
0,2.178672E-3
0,4.186778E-2
0,6.14444E-3
0,1.048771E-3
0,4.302681E-2
0,6.686967E-1
0,5.983724E-3
0,4.361848E-3
0,3.948247E-3
0,7.841919E-3
0,4.516782E-1
0,2.664024E-1
0,3.016845E-3
0,1.191051E-2
0,2.501409E-1
0,2.600456E-1
0,7.883994E-3
0,2.100064E-2
0,6.871312E-3
0,7.156792E-3
0,1.753877E-2
0,3.882158E-2
0,2.585035E-3
0,1.771873E-3
0,3.898235E-2
1,8.04375E-1
0,4.521446E-1
0,2.969746E-3
0,4.341284E-3
0,2.704988E-3
0,4.078972E-2
0,6.795727E-3
0,1.616639E-3
0,9.589861E-2
0,2.709922E-1
0,3.224379E-2
0,3.9753E-1
0,7.437646E-2
0,2.405123E-2
0,1.25255E-1
1,8.506118E-1
0,1.358925E-2
0,1.131096E-2
0,8.722349E-3
0,4.754773E-2
0,6.237312E-1
0,1.206797E-2
0,2.42082E-1
0,2.210771E-3
0,5.458489E-2
0,3.740686E-3
0,2.988002E-3
0,1.410024E-2
0,2.695352E-1
0,4.328708E-3
0,7.817659E-3
0,2.583165E-2
0,1.368302E-1
0,6.213844E-3
0,2.977037E-2
0,3.198745E-3
1,7.781489E-1
0,2.901142E-1
0,2.990996E-1
0,1.271682E-2
0,3.604325E-1
0,2.398161E-3
0,1.869778E-2
1,9.62255E-1
0,3.07854E-3
0,6.73226E-1
0,2.207404E-2
0,2.103466E-3
0,1.910264E-3
0,1.726666E-3
0,2.310467E-2
0,4.289145E-1
0,1.809618E-1
0,2.905279E-2
0,4.852373E-3
0,3.047061E-2
0,1.25939E-2
0,7.042533E-3
0,3.246536E-2
0,1.016097E-2
0,4.974346E-1
0,2.091217E-3
0,2.882059E-2
0,3.677937E-3
0,6.284592E-3
0,2.056636E-2
0,2.837446E-2
0,5.871945E-1
0,1.000924E-2
0,3.654438E-1
0,3.948088E-2
0,1.47794E-3
0,3.173416E-3
0,8.600966E-3
0,1.822253E-3
0,4.132281E-2
0,5.80695E-2
0,3.157767E-2
0,5.861851E-3
0,6.614993E-3
0,1.030765E-1
0,3.219479E-3
0,3.493057E-3
0,7.742306E-2
0,2.162935E-2
0,7.076338E-1
0,1.336601E-1
0,4.866235E-2
0,2.176612E-3
0,1.183628E-2
0,3.4041E-3
0,1.181056E-2
0,3.2075E-2
0,2.277033E-2
0,3.319855E-2
0,6.232897E-3
0,1.131089E-2
0,2.351208E-1
0,5.446001E-1
0,2.662047E-3
0,4.268241E-3
0,9.313244E-2
0,2.816097E-2
0,4.98808E-2
0,4.678806E-3
0,2.937665E-2
0,1.338601E-1
0,1.029098E-2
0,2.695692E-3
1,8.34937E-1
0,8.038504E-2
0,3.464396E-2
0,6.206432E-3
0,6.730262E-3
0,3.359354E-3
0,6.348904E-1
0,5.498312E-2
0,1.420122E-1
0,1.161432E-2
0,6.678403E-2
0,2.194819E-3
0,3.847069E-3
0,8.476897E-3
0,1.531843E-2
0,6.279714E-3
0,6.284911E-3
0,4.662421E-2
0,3.618416E-1
0,1.00268E-2
0,4.392034E-1
0,3.303931E-1
0,4.370939E-3
0,4.751168E-1
0,3.421052E-3
0,1.328623E-2
0,3.746123E-3
0,1.111843E-2
0,2.959537E-2
0,2.050762E-2
0,5.972696E-3
0,3.785646E-1
0,5.113905E-1
0,5.105852E-3
0,2.124478E-2
0,2.107372E-2
0,4.991479E-2
0,7.06867E-3
0,1.218592E-1
0,9.403583E-3
0,2.283237E-3
0,2.60879E-1
0,2.488874E-2
0,5.651325E-2
0,1.391267E-2
0,7.565664E-3
0,3.116676E-1
0,3.812806E-1
0,4.91977E-2
0,3.825468E-2
0,2.12061E-2
0,4.730356E-2
0,5.367342E-1
0,2.163569E-1
0,2.755527E-3
0,7.827713E-3
0,1.888419E-3
0,2.89401E-1
0,6.200558E-3
0,1.331952E-1
0,3.171422E-2
0,3.431004E-1
0,7.488769E-3
0,1.136236E-1
0,1.223688E-2
0,5.518167E-2
0,3.710375E-1
0,2.561892E-1
0,2.080442E-2
0,1.081088E-2
0,4.109282E-2
0,1.033803E-1
0,2.008606E-2
0,6.616478E-2
1,8.814743E-1
0,8.585237E-3
0,3.870985E-2
0,1.226753E-3
0,7.268143E-3
0,2.126375E-2
0,6.716392E-2
0,5.273794E-2
0,2.735759E-3
1,9.899755E-1
0,9.631271E-3
0,1.208762E-2
0,4.519834E-1
0,6.062436E-3
1,8.503737E-1
0,5.229004E-3
0,2.063327E-2
0,3.054186E-2
0,5.003397E-1
0,3.458833E-1
1,9.192705E-1
0,4.872617E-1
0,4.776693E-1
0,3.624503E-1
0,5.85212E-2
0,1.408321E-2
0,3.231505E-2
0,9.61416E-2
0,5.36265E-3
0,2.01883E-3
0,7.79645E-3
0,4.379328E-1
0,4.058971E-2
0,1.107771E-2
0,5.136031E-2
0,3.286027E-3
0,4.367555E-3
0,9.69074E-3
0,3.130246E-1
0,4.250949E-3
0,1.978049E-1
0,5.607459E-2
0,2.014969E-2
0,1.322287E-2
0,2.645598E-2
0,4.244509E-3
0,2.276905E-2
0,3.072077E-1
0,4.163999E-3
0,4.954941E-3
0,2.243633E-1
0,1.400661E-2
0,1.678442E-3
0,2.655054E-2
0,8.9326E-3
0,8.430201E-3
0,2.987184E-3
0,9.285825E-4
0,1.082482E-2
0,2.63762E-3
0,1.379541E-1
0,7.307529E-3
0,1.541073E-2
0,1.533304E-2
0,3.969939E-2
0,4.356427E-3
0,3.313209E-1
0,1.236306E-2
0,4.046392E-1
0,1.017628E-1
0,4.115197E-2
0,1.529911E-3
0,1.592902E-3
0,1.673671E-1
0,4.181082E-1
0,6.570292E-3
0,2.696502E-1
0,8.516604E-2
0,7.349142E-3
0,8.304883E-3
0,1.514638E-2
0,1.794963E-1
0,4.160068E-2
0,5.562219E-2
0,1.821029E-2
0,1.834612E-2
0,4.867545E-3
0,1.566334E-1
0,7.5908E-1
0,3.865619E-3
0,2.351091E-2
0,4.596996E-2
0,2.815112E-2
0,1.168284E-2
0,5.855713E-3
0,9.716696E-3
0,1.572447E-2
0,2.908991E-1
0,6.879972E-1
0,1.46096E-2
0,3.314496E-2
0,3.015384E-3
0,1.433104E-1
0,1.492323E-2
0,3.087449E-2
0,6.257857E-3
0,1.311436E-2
0,1.644855E-2
0,2.319801E-2
0,1.931915E-2
0,4.332129E-3
0,4.624613E-2
0,8.044087E-2
0,4.44336E-3
0,4.54691E-3
0,4.730617E-3
0,6.177881E-3
0,5.797893E-2
0,9.322865E-2
0,5.540444E-2
0,4.928688E-2
0,4.349096E-1
0,7.27286E-2
0,1.112994E-2
0,5.035227E-2
0,2.519956E-2
0,3.081143E-3
0,3.901029E-1
0,8.314804E-3
0,2.979671E-2
0,4.671866E-2
0,1.089089E-2
0,6.203022E-3
0,1.185074E-2
0,2.958227E-2
0,4.266955E-3
0,1.07841E-2
0,3.905757E-3
0,1.761338E-3
0,8.686178E-2
0,3.091252E-2
0,1.66011E-3
0,3.180888E-3
0,2.363862E-2
0,1.262178E-1
0,2.977196E-1
0,7.37331E-1
0,5.001085E-2
1,8.003497E-1
0,3.336303E-3
0,1.636872E-1
0,7.308542E-2
0,2.764798E-2
0,6.349605E-3
0,4.644831E-1
0,3.871748E-1
0,4.750616E-3
0,2.466518E-2
0,2.147527E-3
0,5.807249E-1
0,1.313936E-2
0,2.698927E-3
0,4.702223E-2
0,1.803571E-2
0,2.517006E-1
0,6.219924E-2
0,2.198192E-3
0,1.299281E-1
0,6.241989E-1
0,1.226411E-2
0,1.715194E-1
0,1.737839E-2
0,1.348459E-1
0,4.769076E-1
0,4.128422E-2
0,3.852055E-1
0,3.21726E-2
0,4.047029E-2
0,1.701809E-2
0,2.509768E-3
0,4.121718E-2
0,1.463715E-2
0,2.406454E-3
0,4.619221E-2
0,1.518424E-2
0,1.253257E-2
0,2.653263E-2
0,1.51352E-3
0,7.484666E-3
0,4.138145E-1
0,2.272474E-2
0,1.973865E-2
0,8.199882E-2
0,8.539145E-3
0,2.465939E-3
0,5.992345E-1
0,1.191547E-2
0,7.633188E-2
0,2.155604E-2
0,8.82371E-3
0,7.787232E-3
0,1.865254E-3
0,1.315619E-1
1,8.585801E-1
0,5.37278E-2
0,1.763442E-2
0,8.804034E-2
0,9.588717E-3
0,6.702521E-2
0,1.691018E-2
0,3.660382E-3
0,2.119267E-2
0,3.746501E-2
0,1.714081E-3
0,8.193209E-2
0,2.865865E-2
0,1.849698E-1
0,3.431887E-1
0,4.381049E-2
0,2.996257E-3
0,1.341603E-2
0,6.52097E-2
0,1.934487E-2
0,6.469331E-1
0,1.592749E-2
0,7.084507E-3
0,3.286849E-1
0,9.160467E-3
0,4.491187E-1
0,3.832348E-1
0,4.383056E-1
0,8.146776E-2
0,4.294905E-1
0,2.616262E-1
0,2.632501E-2
0,8.93407E-3
0,2.325859E-2
0,2.150293E-3
1,9.450325E-1
0,5.038598E-2
0,2.443342E-2
0,3.247732E-1
0,3.562368E-3
0,5.684994E-1
0,2.953606E-1
0,5.138102E-1
0,2.848403E-2
0,2.554064E-1
0,2.16136E-1
0,4.731905E-3
0,1.154391E-2
0,1.698916E-2
0,5.202517E-2
0,3.092985E-3
0,5.097075E-3
0,2.171456E-2
0,1.695817E-2
0,6.546807E-1
0,1.718436E-1
0,1.268826E-2
0,1.169968E-2
0,3.02548E-1
0,7.430221E-2
0,1.959181E-2
0,6.621604E-2
0,6.20257E-2
0,3.635423E-1
0,3.577146E-3
0,6.636124E-3
0,9.042169E-3
0,6.439505E-3
0,3.838836E-1
0,4.466256E-3
0,1.640479E-3
0,4.188667E-3
0,1.413403E-2
0,1.723649E-1
0,9.600127E-3
0,3.197727E-3
0,4.075024E-3
0,3.23142E-2
0,3.182308E-2
0,2.40275E-3
0,4.074096E-3
0,1.836781E-1
0,3.19883E-2
0,4.862302E-1
0,6.482103E-2
0,2.256977E-3
0,1.035787E-2
0,6.032026E-1
0,4.734265E-3
0,1.915502E-3
0,7.068332E-1
0,3.289625E-1
1,9.407538E-1
0,3.820415E-2
0,2.16255E-2
0,2.165135E-3
0,2.25663E-1
0,8.916876E-2
0,2.120855E-3
0,4.028427E-2
0,7.019673E-3
0,9.99649E-4
0,9.098874E-2
0,1.839388E-3
0,3.050476E-1
0,7.410815E-1
0,2.47345E-2
0,5.557694E-2
0,6.746973E-2
0,2.73427E-3
0,9.764228E-2
0,2.868277E-3
0,1.154653E-1
0,1.346976E-1
0,2.079599E-2
0,6.094598E-1
0,2.287922E-2
0,4.762623E-1
0,1.77403E-2
0,4.76062E-3
0,1.608473E-2
0,4.090904E-3
0,1.806583E-2
1,9.397321E-1
0,4.755894E-1
0,4.861055E-3
0,2.967766E-3
0,3.321471E-3
0,7.511205E-1
0,1.24825E-2
0,1.671099E-1
0,2.568109E-2
0,8.080207E-2
0,2.735777E-3
0,9.733606E-3
0,1.646853E-2
0,6.043126E-2
0,1.082111E-1
0,1.566687E-3
0,9.624447E-2
0,5.910016E-2
0,5.590881E-1
0,1.523128E-2
0,2.35871E-2
0,2.104837E-1
0,3.859644E-3
0,4.803648E-1
0,6.733716E-2
0,6.801599E-4
0,1.729222E-1
0,4.846388E-1
0,6.450172E-3
0,9.34395E-3
0,7.229499E-2
0,3.814262E-2
0,6.995225E-3
0,2.265961E-1
0,3.468228E-3
0,1.087231E-2
0,1.059159E-1
0,3.781084E-2
0,6.559855E-2
0,1.273638E-2
0,2.258207E-3
0,5.403411E-1
0,1.85372E-2
0,7.46317E-3
0,9.555877E-2
0,1.451211E-2
0,1.362073E-2
0,6.712733E-3
0,1.824171E-2
0,8.472734E-2
1,8.945402E-1
0,3.201214E-2
0,6.060805E-3
0,2.052953E-3
0,6.66289E-2
0,1.078989E-2
0,3.295813E-2
0,4.873063E-1
0,6.425651E-3
0,7.181766E-3
0,6.735788E-2
0,2.346291E-3
0,9.374307E-3
0,6.359242E-3
0,3.274855E-2
0,1.902246E-3
0,7.160062E-2
0,6.076026E-1
0,6.746398E-3
0,1.27146E-2
0,4.97863E-1
0,5.277962E-3
0,6.456733E-1
0,2.217096E-2
0,6.235087E-1
0,2.605023E-3
0,9.185946E-3
0,1.826325E-1
1,8.193582E-1
0,1.115986E-1
0,1.951289E-2
0,9.117506E-3
0,5.43538E-2
0,1.697451E-2
0,9.540073E-2
0,1.070571E-2
0,5.626549E-3
0,5.297199E-1
0,3.18398E-1
0,4.561993E-2
0,1.387625E-3
0,1.003664E-1
0,2.62963E-2
0,4.434493E-2
0,2.536572E-1
0,1.517567E-2
0,1.082944E-2
0,4.046808E-1
0,2.925194E-1
0,1.406355E-2
0,4.218901E-2
0,6.482328E-2
0,2.119359E-1
0,7.618216E-2
0,3.130061E-3
0,3.69932E-2
0,5.383706E-3
0,1.323389E-2
0,8.910668E-3
0,1.440305E-2
0,7.41843E-3
0,5.676964E-3
0,1.711669E-1
0,6.236064E-1
0,3.188854E-1
0,5.926972E-3
0,5.522398E-2
0,8.249295E-2
0,2.362198E-2
0,7.808566E-3
0,4.306334E-1
0,4.407805E-1
0,2.103277E-2
0,2.458132E-2
0,5.945812E-2
0,3.938386E-2
0,3.686567E-3
0,3.375307E-2
0,8.114452E-2
0,5.175475E-2
0,3.511858E-3
0,4.207204E-1
0,3.206966E-1
0,1.498202E-2
0,1.398386E-2
0,1.075159E-1
0,2.979351E-2
0,4.25911E-2
0,2.153577E-3
0,1.215725E-2
0,1.142436E-2
0,9.804641E-2
0,2.842182E-2
0,6.447012E-3
0,5.174683E-2
0,2.879696E-1
0,1.010791E-2
0,1.02291E-2
0,2.801175E-2
0,4.141115E-3
0,9.039868E-2
0,1.344779E-3
0,3.873776E-1
0,1.021399E-2
0,2.795383E-3
0,7.586615E-3
0,5.45478E-2
1,9.586805E-1
0,4.056285E-2
0,1.45947E-2
0,6.335174E-2
0,3.965765E-3
0,7.094507E-2
0,8.053625E-2
0,2.541353E-1
0,9.401683E-3
0,8.018744E-3
0,3.745911E-2
0,5.992026E-3
0,5.305758E-2
0,2.777361E-3
0,7.105022E-1
0,2.852036E-1
0,2.278663E-3
0,1.597148E-2
0,1.921895E-2
0,2.703183E-2
0,1.089973E-1
0,9.125264E-2
0,8.129455E-3
0,3.609804E-1
1,8.672792E-1
0,1.863511E-2
0,2.795593E-1
0,5.883636E-1
0,2.394852E-3
0,3.214896E-1
0,6.6047E-2
0,5.214721E-3
0,1.902566E-1
0,1.086798E-3
0,1.865769E-2
0,9.922897E-2
0,6.857525E-2
0,3.010163E-3
0,2.390871E-3
0,6.931097E-3
0,5.481755E-3
0,3.079934E-2
0,5.790477E-3
0,9.200794E-3
0,1.863099E-2
0,2.805241E-2
0,5.513417E-3
0,2.580694E-3
0,2.414753E-2
0,5.353169E-3
0,6.19415E-2
1,8.137193E-1
0,3.354983E-3
0,6.66445E-2
0,1.196138E-1
0,3.044503E-2
0,7.156689E-3
0,3.760189E-1
0,8.698307E-3
0,3.442911E-3
0,4.577268E-2
0,4.715356E-3
0,8.91861E-2
0,2.83258E-2
0,3.135732E-2
0,5.695556E-3
0,3.31468E-3
0,1.219143E-1
0,5.373637E-2
0,2.07974E-2
0,4.869079E-2
0,2.791023E-3
0,4.771086E-3
0,1.701367E-3
0,3.783747E-2
0,1.450848E-2
0,2.641229E-3
0,1.627831E-1
0,7.931275E-3
0,2.54934E-1
0,2.278763E-2
0,2.484891E-3
0,3.30862E-1
0,2.144471E-2
0,2.437832E-2
0,2.778605E-3
0,2.095161E-2
0,1.329442E-1
0,1.129898E-2
1,9.022999E-1
0,2.050674E-1
0,5.790718E-2
0,5.15775E-3
0,7.093233E-2
1,9.110539E-1
0,9.54391E-3
0,4.011408E-1
0,1.627649E-2
0,2.738359E-2
0,2.973944E-1
0,1.64621E-3
1,8.285456E-1
0,1.361267E-2
0,1.296195E-2
0,1.140027E-2
0,4.079545E-1
0,1.927073E-1
0,4.818144E-1
0,8.044837E-3
0,3.970226E-1
0,2.284859E-2
0,3.396354E-2
0,2.793074E-2
0,1.761444E-1
0,9.769252E-3
0,2.781446E-1
0,1.805138E-2
0,4.265225E-1
0,2.943091E-3
0,4.669721E-2
0,9.661012E-4
0,2.303976E-3
0,1.550825E-2
0,3.41238E-1
0,6.183524E-2
0,3.43538E-2
0,1.140234E-2
0,2.925733E-3
0,1.911658E-2
0,3.826477E-2
0,3.603635E-2
0,2.335475E-2
0,5.059104E-1
0,1.852227E-2
0,1.973421E-1
0,2.343825E-1
0,1.952924E-2
0,5.989383E-2
0,7.696472E-3
0,5.534043E-3
0,1.609136E-3
0,7.855576E-3
0,1.678678E-3
0,1.956526E-3
0,6.500783E-1
0,3.208074E-1
0,2.745455E-2
0,1.823334E-2
0,7.461131E-2
0,3.503165E-3
0,2.053832E-3
0,1.103617E-2
0,3.02656E-1
0,1.132115E-1
0,7.091348E-2
0,2.969495E-3
0,6.145977E-2
0,2.045192E-1
0,9.283748E-2
0,4.291117E-3
0,1.398886E-3
0,2.996234E-1
0,2.964427E-3
1,8.868483E-1
0,1.668913E-2
0,7.933083E-2
0,3.77821E-3
0,7.019456E-3
0,2.916019E-3
0,1.367659E-2
0,5.173158E-3
0,5.987878E-3
0,1.202447E-1
0,4.12155E-3
0,1.313324E-2
0,7.982941E-3
0,2.926427E-2
0,7.31993E-3
0,1.863304E-3
0,2.843678E-2
0,4.781038E-1
0,3.628981E-1
0,3.044071E-1
0,6.118713E-2
0,8.985206E-3
0,1.327571E-2
0,4.993731E-3
0,3.273737E-2
0,4.631724E-2
0,3.921789E-1
0,5.181853E-3
0,2.75221E-2
0,3.456386E-3
0,7.219149E-2
0,2.21021E-2
0,4.576535E-2
0,5.513342E-1
0,4.260367E-2
1,9.058421E-1
0,2.147509E-2
0,2.62033E-3
0,5.352914E-3
0,6.007389E-3
0,1.01932E-2
0,4.62819E-3
0,4.904142E-2
0,3.789577E-3
0,1.025507E-1
0,4.052552E-1
0,2.348648E-3
0,3.498908E-1
0,5.035833E-2
0,5.464018E-1
0,1.713095E-1
0,2.652226E-3
0,2.53916E-2
0,2.496787E-2
0,1.631511E-2
0,2.28177E-1
0,3.837917E-2
0,2.303627E-3
0,2.211442E-2
0,3.212852E-3
0,5.651307E-2
0,2.302106E-2
0,1.641143E-2
0,1.34606E-2
0,1.802858E-3
0,5.43962E-1
0,6.279975E-2
0,5.628531E-1
0,7.038096E-3
0,1.314809E-2
0,5.424045E-3
0,3.114803E-1
0,6.74827E-3
0,2.280359E-1
0,1.024456E-2
0,1.268308E-2
0,7.378026E-3
0,1.545213E-2
0,4.316143E-2
0,2.959303E-3
0,1.796344E-2
0,1.335429E-3
0,3.413999E-3
0,3.896189E-2
0,1.934009E-2
0,4.64493E-3
0,1.212223E-2
0,1.859995E-2
0,3.31928E-3
0,1.126624E-2
0,3.561819E-1
0,1.650565E-3
0,1.092371E-1
0,6.186103E-3
0,3.069475E-2
0,3.509646E-2
0,4.256974E-3
0,3.639599E-1
0,8.664091E-3
0,1.267228E-1
0,5.286441E-1
0,6.802869E-3
0,3.773614E-3
0,1.160377E-2
0,1.891581E-3
0,5.80847E-2
0,3.305043E-1
0,1.217463E-3
0,3.861858E-3
0,9.260056E-3
0,1.192E-2
0,6.809129E-1
0,1.178563E-1
0,1.72983E-2
0,5.453081E-2
0,1.304915E-2
0,1.082336E-1
0,3.874667E-2
0,7.269391E-1
0,3.893161E-2
0,3.311305E-1
0,8.56133E-3
0,4.123556E-2
0,8.142225E-2
0,1.751672E-2
0,2.14757E-2
0,2.961541E-3
0,1.939141E-3
0,6.574253E-3
0,4.750152E-3
0,7.303714E-2
0,2.492361E-3
0,3.784529E-1
0,2.141284E-1
0,6.224095E-2
0,1.683892E-1
0,4.371263E-2
0,4.506676E-2
0,1.019392E-2
0,1.245149E-2
0,2.741516E-2
0,4.886057E-3
0,3.737263E-2
0,5.447487E-2
0,9.107967E-2
0,4.67119E-1
0,1.00335E-2
0,6.018917E-3
0,6.192135E-2
0,3.491989E-2
0,6.395931E-3
0,7.417974E-3
0,2.372725E-2
1,7.709483E-1
0,2.460112E-1
1,7.62856E-1
0,5.363189E-2
0,8.528129E-2
0,4.946703E-3
0,1.008757E-2
0,2.58067E-2
0,2.69678E-3
0,1.330772E-2
0,8.179161E-3
0,1.465414E-2
0,3.118683E-1
0,2.590458E-1
0,3.923208E-3
0,9.359605E-3
0,8.565924E-3
0,5.501503E-2
0,9.064475E-3
0,8.263933E-3
0,2.983585E-3
0,1.308402E-2
1,7.865523E-1
1,9.71092E-1
0,1.451016E-2
0,1.312468E-2
0,1.090188E-2
0,5.088672E-2
1,7.644491E-1
0,1.470631E-2
0,2.327311E-3
0,3.736616E-3
0,3.231092E-2
0,1.130868E-2
0,2.663882E-2
0,3.310761E-2
0,4.407121E-3
1,9.65011E-1
0,8.666025E-3
0,5.001059E-2
0,4.096452E-3
0,3.447116E-2
0,2.048944E-2
0,6.386975E-1
0,2.291176E-3
0,4.576973E-3
0,9.931927E-3
0,1.127975E-2
0,1.154416E-2
0,2.745574E-2
0,9.525957E-3
0,4.933768E-3
0,1.466497E-1
0,8.868939E-2
0,1.914269E-2
0,2.698828E-1
0,4.641283E-3
0,9.14492E-3
0,6.797158E-3
0,4.513962E-2
0,8.343728E-3
0,2.367478E-2
0,1.117964E-2
0,6.995709E-2
0,7.926537E-3
0,2.25648E-1
0,5.167828E-1
0,4.77113E-1
0,5.364344E-3
0,3.424423E-3
0,1.524921E-2
0,7.914293E-3
0,7.486463E-3
0,1.798769E-2
0,3.698947E-1
0,1.753926E-3
0,3.609965E-2
0,4.961663E-1
0,8.870283E-2
0,4.793392E-2
0,7.062479E-2
0,4.716817E-1
0,3.938068E-2
0,6.488782E-3
0,1.992293E-3
0,1.755051E-2
0,9.179889E-2
0,4.231218E-1
0,5.510917E-3
0,4.455647E-1
0,3.527434E-3
0,3.709698E-3
0,5.830155E-3
0,1.260301E-2
0,1.151993E-2
1,8.136946E-1
0,2.95239E-2
0,5.082707E-3
0,3.037303E-3
0,1.298845E-2
0,1.209859E-1
0,4.483003E-2
0,5.900903E-2
1,8.725739E-1
0,9.05667E-3
0,5.318875E-2
0,5.372554E-1
0,1.96068E-2
0,4.314458E-3
0,1.37952E-1
0,3.343494E-3
0,5.70969E-3
0,3.398545E-2
0,4.712553E-3
0,4.616707E-1
0,3.069267E-1
0,1.703057E-3
0,5.666708E-3
0,2.156756E-2
0,8.842139E-2
0,2.751782E-3
0,3.458823E-2
0,1.540765E-2
1,9.240385E-1
0,6.977591E-1
0,6.814354E-3
1,8.177425E-1
0,8.296156E-3
0,7.547588E-3
0,2.664358E-3
0,1.652847E-2
0,2.127778E-2
0,3.832442E-1
0,7.431388E-3
0,2.083073E-2
0,6.396115E-3
0,2.348859E-2
0,5.734779E-3
0,2.48796E-2
0,2.157697E-2
0,4.215174E-1
0,7.009564E-2
0,1.130887E-2
0,3.357742E-3
0,1.077834E-2
0,1.508603E-3
0,7.535167E-3
0,4.967283E-2
0,3.348434E-1
0,1.751228E-2
0,2.115267E-2
0,4.014569E-3
0,2.391245E-3
0,2.751044E-3
1,9.880856E-1
0,6.366561E-1
0,6.52858E-2
0,7.688465E-2
0,1.377176E-2
1,9.058155E-1
0,6.310013E-3
0,1.47774E-2
0,6.092931E-3
0,6.987326E-2
0,5.154486E-3
0,4.610258E-2
0,1.16054E-1
0,1.289277E-1
0,2.861965E-1
0,4.008193E-1
0,2.16333E-3
0,1.782973E-2
0,3.327251E-1
0,5.200986E-3
0,4.613522E-1
0,2.15357E-1
0,2.560591E-2
0,4.055578E-3
0,5.800153E-1
0,1.361656E-2
0,1.712925E-3
0,4.970019E-2
0,1.935413E-1
0,5.876529E-2
0,1.495935E-1
0,1.424471E-2
1,7.775462E-1
0,6.448261E-1
0,7.553615E-2
0,6.156548E-3
0,2.612996E-2
0,7.17437E-2
0,3.793226E-3
0,3.065567E-3
0,6.617181E-3
0,2.318864E-2
0,9.790693E-3
0,8.044365E-3
0,2.199508E-2
0,1.577143E-2
0,1.029489E-1
0,7.362718E-3
0,1.134149E-1
0,4.650242E-2
0,4.291983E-2
0,6.974277E-3
0,6.359554E-2
0,1.778124E-1
0,1.171942E-2
0,1.563538E-2
0,2.006081E-2
0,5.866061E-1
0,7.104162E-1
0,4.754437E-2
0,5.111403E-2
0,3.992085E-1
0,3.720608E-2
0,7.933085E-3
0,2.153599E-1
0,2.394292E-1
0,3.40156E-3
0,2.456504E-2
0,8.814917E-3
0,4.43925E-2
0,1.428013E-2
0,3.376833E-2
0,1.693774E-2
0,2.346404E-2
0,3.655393E-2
0,1.448037E-1
0,2.204681E-2
0,1.048981E-1
0,5.259304E-3
0,1.549198E-2
0,3.4397E-1
0,1.069999E-2
0,6.11935E-3
0,6.482985E-3
0,4.860549E-2
0,1.100274E-1
0,1.030792E-2
0,5.636922E-2
0,4.511766E-1
0,5.357249E-3
0,3.000856E-2
1,7.89775E-1
0,2.421576E-3
0,8.832114E-3
0,1.444931E-2
0,1.268657E-2
0,2.103451E-2
0,3.986512E-2
0,1.094522E-1
0,3.969232E-3
0,1.194624E-2
0,3.405567E-2
0,3.68552E-2
0,1.093803E-1
0,9.603591E-2
0,3.587243E-1
0,1.29457E-2
0,1.602881E-2
0,8.161961E-2
0,3.817093E-3
0,2.969311E-2
0,3.930101E-3
0,1.901973E-2
0,1.597177E-2
0,3.464413E-2
0,2.381707E-2
0,5.926391E-1
0,5.296539E-1
0,1.770245E-2
0,7.453928E-3
0,2.485238E-1
0,6.171872E-3
0,3.056762E-2
0,4.003134E-2
0,3.444566E-2
0,1.613945E-2
1,9.012176E-1
0,5.705444E-3
0,3.450661E-1
0,5.617136E-1
0,3.00961E-2
0,3.808396E-1
0,1.468009E-1
0,1.242156E-1
0,6.80223E-3
0,1.054888E-2
0,1.883505E-2
0,8.868966E-3
0,4.230727E-2
0,7.583967E-2
0,4.47843E-3
0,2.604084E-2
0,7.127266E-2
0,2.889357E-2
0,1.252702E-1
0,7.090667E-3
0,1.991378E-2
0,1.739809E-2
0,3.577934E-2
0,4.36044E-1
0,1.232278E-2
0,6.444331E-2
0,3.711702E-3
0,1.019504E-2
0,2.002042E-2
0,2.645589E-2
0,2.111772E-3
0,1.341912E-1
0,9.733959E-3
0,8.71752E-3
0,6.858873E-3
0,8.392716E-3
0,1.110704E-3
0,2.185065E-3
0,5.695666E-1
0,6.503312E-3
0,3.1016E-3
0,3.169829E-3
0,9.609246E-3
0,1.088124E-1
0,2.505866E-1
0,2.709462E-3
0,6.411919E-2
0,3.65301E-2
0,1.189127E-1
0,9.507462E-3
0,6.99126E-2
0,8.430063E-3
0,2.504823E-3
0,8.7467E-2
0,2.924009E-3
0,3.587719E-1
0,1.84188E-2
0,1.5528E-2
0,2.103388E-1
0,6.502768E-1
0,4.61957E-3
0,4.748692E-2
0,5.575655E-3
0,8.705127E-3
0,2.310136E-2
0,3.336511E-1
0,2.327875E-2
0,5.836934E-3
0,6.104687E-2
0,3.316239E-3
0,4.759289E-2
0,4.727833E-2
1,8.515559E-1
0,3.070665E-1
0,5.027996E-3
0,7.75184E-3
0,3.996827E-3
0,6.513838E-3
1,8.372237E-1
0,4.213868E-2
0,3.071857E-3
0,4.253442E-1
0,2.16268E-3
0,1.766204E-2
0,2.953152E-1
0,3.859728E-3
0,6.916994E-2
0,3.639505E-2
0,7.501083E-3
0,2.393247E-1
0,3.579109E-1
1,9.59684E-1
0,2.271287E-2
0,2.06191E-3
0,1.002303E-2
0,2.135631E-1
0,5.915123E-2
0,5.087581E-3
0,3.192457E-1
0,7.059683E-3
0,1.697551E-1
0,2.592767E-2
0,2.205663E-3
0,2.346109E-2
0,6.26086E-2
0,2.21867E-2
0,7.00273E-3
0,2.771649E-3
0,1.565198E-2
0,6.450026E-3
0,5.70551E-2
0,1.05253E-2
0,4.518063E-3
0,2.121646E-3
0,7.544645E-2
0,4.586274E-3
1,9.561513E-1
1,9.38479E-1
0,2.640162E-3
0,2.147295E-2
0,6.633114E-3
0,2.422771E-3
0,8.498069E-4
0,6.118558E-3
0,1.108187E-1
0,6.690784E-1
0,1.294048E-2
0,3.673884E-2
0,1.008006E-2
0,7.382998E-2
0,8.377477E-2
0,5.611381E-2
0,3.770657E-2
0,1.709376E-2
0,4.666872E-1
0,2.862406E-2
0,2.558018E-1
0,4.281064E-1
0,1.302703E-1
0,4.159491E-2
0,1.623975E-3
0,1.002631E-2
0,2.021249E-2
0,7.37003E-2
0,1.133508E-1
0,5.577832E-2
0,6.427755E-2
0,4.594407E-2
0,6.439036E-3
0,8.604761E-2
0,3.632349E-3
0,1.049801E-2
0,3.516926E-2
0,7.856093E-2
0,1.224902E-2
1,9.173391E-1
0,1.437962E-1
0,1.083077E-2
0,9.366766E-3
0,4.744657E-3
0,2.012961E-2
0,2.633319E-2
1,9.134766E-1
0,3.464833E-3
0,1.367945E-1
0,6.236544E-2
0,3.121602E-1
0,5.374314E-2
0,3.93013E-2
0,1.157694E-2
0,3.735549E-2
0,2.480886E-2
0,4.147157E-2
0,7.312743E-3
0,1.970488E-3
0,2.842215E-1
0,1.172295E-2
0,2.237079E-3
0,4.618959E-3
0,5.593389E-3
0,5.28111E-3
0,2.033275E-3
0,2.193668E-2
0,4.507096E-1
0,3.856215E-2
0,6.488776E-1
0,3.456027E-1
0,7.147327E-3
0,2.015707E-1
0,3.98024E-3
0,2.586932E-2
0,3.685257E-3
0,6.657604E-2
0,7.307839E-3
0,1.020707E-2
0,1.017524E-3
0,2.800521E-2
0,1.81639E-3
0,4.122885E-1
0,3.616111E-3
0,4.031365E-3
0,6.236207E-1
0,4.374546E-3
0,6.115814E-2
0,7.169374E-2
0,6.531825E-3
0,1.326032E-2
0,2.714969E-2
0,7.784103E-3
0,7.232697E-3
0,3.026938E-3
0,2.984944E-1
0,8.377192E-2
0,3.516926E-2
0,4.181495E-3
0,3.41977E-2
1,9.846386E-1
0,2.808512E-2
0,2.312578E-1
0,2.614618E-2
0,1.718128E-2
0,5.486917E-3
0,1.065559E-2
0,1.267882E-2
0,4.387066E-2
0,7.607821E-3
0,1.962744E-3
0,4.140393E-3
0,2.922807E-2
0,4.826559E-1
0,3.387373E-1
0,1.277176E-3
0,6.49575E-1
0,1.29936E-2
0,4.149226E-3
0,2.666182E-1
0,3.341068E-1
0,6.594846E-2
0,6.872737E-3
0,6.359872E-1
0,7.534908E-2
0,2.644812E-2
0,8.585402E-3
0,2.641495E-3
0,1.462512E-3
0,4.196314E-2
0,8.130926E-3
0,9.94785E-2
0,2.056495E-1
0,1.448399E-2
0,2.148332E-2
0,8.925805E-2
0,4.416497E-2
0,6.300376E-1
0,9.061983E-3
0,2.006403E-2
0,1.045717E-2
0,2.644656E-3
0,9.766494E-2
0,4.668285E-2
0,2.12499E-3
0,2.821273E-2
0,4.136884E-2
0,1.496572E-2
0,1.702311E-2
0,7.037852E-3
0,1.807329E-3
0,1.839224E-2
0,3.099026E-3
0,7.455853E-1
0,8.391744E-3
0,9.704508E-2
0,3.945824E-2
0,5.437996E-1
0,1.705256E-2
0,4.018687E-1
0,8.572718E-3
0,1.842335E-2
0,1.265859E-2
0,2.833312E-3
0,6.272179E-3
0,7.272326E-1
0,4.013681E-1
0,2.831878E-3
0,2.20993E-1
0,4.823515E-3
0,5.387156E-1
0,2.220136E-2
0,8.579319E-2
0,9.171839E-3
1,8.95895E-1
0,1.107542E-1
0,2.834392E-1
0,5.236265E-3
0,6.297116E-2
0,1.661568E-2
0,1.226931E-2
0,4.806681E-1
0,5.4045E-1
0,1.487548E-2
0,2.782544E-2
0,4.056216E-2
0,5.975058E-2
0,2.98572E-2
0,4.856578E-3
0,3.785874E-3
0,1.666374E-2
0,4.38142E-2
0,3.070784E-3
0,3.035817E-1
0,1.872899E-3
0,1.874607E-2
0,3.134797E-2
0,2.313957E-2
0,2.872818E-3
0,2.841492E-3
0,4.388154E-3
0,5.047001E-3
0,1.036663E-2
0,3.610411E-1
0,1.035577E-2
0,6.762504E-3
0,1.255625E-2
0,5.289932E-1
0,3.472819E-1
0,1.48202E-2
0,8.807316E-2
0,3.49041E-1
0,4.538817E-3
0,3.679718E-1
0,3.974074E-2
0,7.149863E-3
0,6.990256E-3
0,3.378864E-1
0,1.958076E-2
0,3.489082E-1
0,5.709246E-3
0,2.424781E-3
0,1.874015E-2
1,8.449415E-1
0,9.245648E-3
0,4.614842E-1
0,2.009133E-2
1,8.414817E-1
0,3.981647E-1
0,3.76326E-3
0,1.353311E-1
0,2.32412E-3
0,6.731266E-1
0,9.250866E-2
0,6.554739E-3
0,5.454605E-3
0,3.550142E-3
0,9.110931E-2
0,5.275908E-2
0,5.6979E-3
0,7.359093E-3
0,5.461777E-2
0,5.720778E-1
0,2.168921E-1
0,3.762026E-2
0,2.865361E-3
0,1.241828E-2
0,1.240955E-2
0,1.30764E-1
0,3.24233E-2
0,3.966431E-2
0,6.180255E-2
0,5.620895E-3
0,1.591432E-2
0,7.707343E-2
0,4.036586E-2
0,1.847126E-1
0,4.421099E-3
0,7.171276E-2
0,3.630178E-3
0,7.59233E-2
0,9.324181E-3
0,3.545864E-3
0,3.8537E-2
0,9.072578E-2
0,3.740917E-2
0,1.570435E-2
0,4.869157E-1
0,7.07146E-3
0,3.337356E-2
0,7.100454E-2
0,1.884335E-2
0,1.767048E-3
0,2.693519E-1
0,2.400881E-3
0,1.046113E-2
0,3.870225E-1
1,9.817786E-1
0,2.980525E-3
0,2.9595E-1
0,5.259182E-3
0,3.357364E-2
0,9.79822E-2
0,1.851043E-2
0,4.932073E-3
0,1.089558E-2
0,1.407964E-2
0,2.850524E-3
0,2.94469E-2
0,1.813093E-1
0,1.730572E-2
0,4.208252E-3
0,1.440011E-1
0,1.523602E-2
0,6.022315E-2
0,5.429007E-2
0,5.634402E-2
0,1.149454E-2
0,1.982674E-2
0,5.861834E-2
0,3.055326E-3
0,4.332152E-3
0,5.201138E-2
0,2.597947E-3
0,1.617435E-3
0,1.946725E-2
0,1.080361E-3
0,1.526428E-2
0,1.279253E-3
0,2.444229E-2
0,5.60719E-1
0,1.304649E-2
0,9.833014E-3
0,5.784314E-1
0,5.632318E-3
0,3.604119E-1
1,8.264509E-1
0,3.281805E-1
0,1.356364E-1
0,1.331051E-1
0,1.906446E-3
0,3.28816E-2
0,3.133106E-1
0,7.576072E-2
0,3.562761E-1
0,5.554662E-3
0,1.522731E-2
0,3.727978E-1
0,4.321839E-1
0,7.924789E-3
0,4.73177E-1
0,1.04585E-2
0,1.803021E-2
0,7.30934E-1
0,2.2358E-3
0,5.401609E-2
0,1.195794E-2
1,7.936041E-1
0,5.54311E-1
0,4.363038E-3
0,1.636934E-2
0,1.50365E-2
0,2.107215E-3
1,9.032658E-1
0,1.709741E-2
0,7.700009E-2
0,1.8358E-2
0,2.933144E-2
0,7.140536E-3
0,1.863443E-1
0,1.054192E-2
0,2.954693E-3
0,2.010394E-3
0,9.332794E-2
0,1.092085E-2
0,2.629221E-2
0,9.839039E-3
0,2.037304E-2
0,3.365335E-3
0,5.318332E-2
0,8.360139E-3
0,4.669131E-3
0,3.613934E-1
0,2.344415E-2
0,3.090135E-3
0,5.884428E-3
0,1.582232E-2
0,2.958449E-2
0,5.114882E-3
0,2.881399E-3
0,1.667323E-2
0,4.089112E-2
0,4.940806E-3
0,1.871508E-2
0,2.983313E-3
0,2.250786E-3
0,7.980287E-3
0,2.603661E-3
0,1.600706E-1
0,1.051194E-1
0,1.310216E-2
0,3.362337E-2
1,9.432853E-1
0,6.65297E-1
0,1.293087E-1
0,4.046844E-1
0,1.409735E-2
0,4.878054E-2
0,1.203019E-1
0,4.399844E-2
0,4.579937E-3
0,3.83293E-3
0,6.1535E-1
0,4.702464E-3
0,6.973749E-2
0,2.248856E-1
0,8.228573E-2
0,5.415676E-3
0,1.764896E-2
0,7.514487E-1
0,9.386911E-3
0,1.461766E-2
0,1.743942E-1
0,5.953159E-3
0,1.941245E-3
0,3.465279E-2
0,2.080829E-3
0,2.356689E-2
0,6.551262E-3
0,6.902301E-1
0,2.244821E-3
0,3.094578E-2
0,3.851843E-1
0,7.625357E-3
0,9.916339E-3
0,3.3953E-3
0,1.506708E-2
0,4.581737E-1
0,3.876109E-3
0,2.811483E-2
0,3.944842E-3
0,6.928263E-2
0,4.740146E-3
0,3.768872E-1
0,1.53322E-2
0,7.829951E-3
0,5.24557E-2
0,1.004518E-2
0,2.003121E-2
0,2.827405E-2
0,1.683548E-2
0,4.268187E-3
0,6.327621E-3
0,4.631769E-3
0,2.500583E-2
0,1.848032E-2
0,6.558314E-3
0,2.811718E-1
0,4.861382E-2
0,4.072789E-2
0,2.478728E-1
0,3.07118E-2
0,6.238945E-2
0,2.085127E-3
0,5.515247E-3
0,1.424304E-3
0,2.861876E-1
1,7.958299E-1
0,5.857609E-2
0,3.529774E-3
0,2.494867E-1
0,3.876755E-3
0,9.627294E-3
0,1.71113E-2
0,6.449779E-2
0,6.611369E-3
0,3.816525E-2
0,4.214863E-1
0,2.039947E-1
0,3.991578E-1
0,1.267302E-1
0,3.974636E-1
0,6.094796E-2
0,8.547882E-2
0,3.580931E-1
1,9.090443E-1
0,1.614336E-1
0,2.750929E-2
0,2.281245E-2
0,5.44154E-1
0,4.335711E-2
0,2.966225E-1
0,3.503242E-1
0,1.340691E-2
0,2.670631E-1
0,3.415467E-1
0,4.573544E-3
0,3.384034E-2
0,3.386962E-2
0,8.812857E-2
0,6.009509E-1
0,1.331104E-1
0,2.264235E-2
0,5.543875E-3
0,1.756525E-3
0,3.65939E-3
0,1.398384E-1
0,3.356528E-1
0,1.007636E-2
0,4.984476E-1
0,3.169268E-1
0,3.799978E-2
0,4.265061E-2
0,1.404613E-2
0,1.709683E-2
0,2.001478E-2
0,8.579557E-2
0,1.686117E-2
0,3.140156E-1
0,2.321584E-1
0,5.309047E-1
0,5.125752E-2
0,5.489453E-2
0,5.251454E-1
0,7.35264E-2
0,2.167286E-2
0,6.628999E-3
0,2.010227E-2
0,5.749606E-2
0,5.000343E-1
0,1.245689E-2
0,6.272248E-3
0,5.559453E-1
0,4.390728E-2
0,1.261641E-2
0,4.841029E-2
0,8.774797E-3
0,2.360708E-3
1,9.501293E-1
0,4.359978E-2
0,2.879179E-3
0,7.931229E-3
0,2.239636E-2
0,7.697114E-2
0,1.096614E-1
0,8.690717E-3
0,3.75168E-3
0,4.130344E-1
0,2.730561E-1
0,3.780687E-2
0,3.978286E-2
0,2.350786E-2
0,3.435771E-2
0,7.192437E-3
0,7.612936E-2
0,1.09665E-1
0,8.753838E-3
0,2.590631E-2
0,4.149994E-3
0,1.337797E-1
0,6.105957E-3
0,1.533178E-2
0,1.023332E-2
0,4.525412E-3
0,3.256903E-1
0,3.750608E-3
0,4.56539E-1
0,5.865477E-2
0,1.019586E-1
0,6.302914E-2
0,8.829603E-2
0,4.99571E-2
0,2.203623E-2
0,2.400374E-3
0,4.79572E-1
0,1.893268E-3
0,4.587717E-3
0,3.548381E-1
0,2.146741E-2
0,1.333246E-2
0,2.285231E-3
0,3.519773E-2
0,2.973015E-2
0,1.628855E-2
0,2.311324E-2
0,6.65795E-2
0,5.957115E-2
0,3.665107E-3
0,4.645658E-2
0,2.313843E-3
0,4.294586E-1
0,4.853314E-3
0,3.021039E-3
0,1.296065E-1
0,1.635519E-1
0,2.567552E-3
0,1.123293E-1
0,7.340563E-1
0,6.371951E-3
0,1.892893E-1
0,1.158499E-2
0,1.168037E-1
0,5.61793E-3
0,1.406496E-1
0,4.074738E-3
0,4.330252E-2
1,9.042747E-1
0,1.333513E-1
0,6.98257E-4
0,5.276801E-1
0,5.091789E-3
0,2.420704E-1
0,4.6131E-1
0,3.689576E-2
0,2.941534E-2
0,2.36303E-2
0,6.142913E-1
0,4.673077E-3
0,1.586702E-2
0,5.172195E-3
0,1.738469E-2
0,7.763979E-3
0,6.259183E-2
0,4.540803E-1
0,9.357882E-3
0,3.007166E-3
0,1.110938E-2
0,4.095936E-2
0,6.905181E-1
0,1.08888E-1
0,1.240994E-1
0,2.234902E-1
0,3.797689E-3
0,3.0411E-1
0,6.670485E-1
0,3.290734E-3
0,6.429508E-3
0,4.960642E-3
0,1.754225E-2
0,4.626497E-2
1,7.770711E-1
0,4.617419E-3
0,2.335302E-3
0,1.283343E-3
0,1.012817E-1
0,4.719578E-3
0,5.091181E-3
0,1.196508E-2
0,3.183064E-2
1,9.526718E-1
0,1.26646E-3
0,1.466486E-1
0,2.453493E-2
0,1.458131E-1
0,6.691696E-3
0,2.272384E-2
0,2.882099E-3
0,1.051298E-1
0,1.935624E-2
